Datetime,Q
0,4/16/2021 0:00,0.2961942762358395
1,4/16/2021 1:00,0.28968587595374473
2,4/16/2021 2:00,0.29992958204698
3,4/16/2021 3:00,0.28628411489566974
4,4/16/2021 4:00,0.2849571812732255
5,4/16/2021 5:00,0.275136383884308
6,4/16/2021 6:00,0.2756752130996748
7,4/16/2021 7:00,0.26918319285778375
8,4/16/2021 8:00,0.26849417752842225
9,4/16/2021 9:00,0.252217432906497
10,4/16/2021 10:00,0.246629079693816
11,4/16/2021 11:00,0.2478485044346335
12,4/16/2021 12:00,0.24530351904153
13,4/16/2021 13:00,0.25271385172009275
14,4/16/2021 14:00,0.25654516910959974
15,4/16/2021 15:00,0.26266355238370653
16,4/16/2021 16:00,0.26753433597249976
17,4/16/2021 17:00,0.27947195486127074
18,4/16/2021 18:00,0.28119203661045156
19,4/16/2021 19:00,0.30074389773726473
20,4/16/2021 20:00,0.31345540360324253
21,4/16/2021 21:00,0.337140916259063
22,4/16/2021 22:00,0.3362974500960503
23,4/16/2021 23:00,0.328134896309662
24,4/17/2021 0:00,0.340186094261004
25,4/17/2021 1:00,0.33749269058716325
26,4/17/2021 2:00,0.331000464725005
27,4/17/2021 3:00,0.3445412207355417
28,4/17/2021 4:00,0.34328265947173875
29,4/17/2021 5:00,0.3313741495361842
30,4/17/2021 6:00,0.32907749968892874
31,4/17/2021 7:00,0.32715656824954603
32,4/17/2021 8:00,0.32583072959625703
33,4/17/2021 9:00,0.3192977454691377
34,4/17/2021 10:00,0.30443983671621055
35,4/17/2021 11:00,0.29921313509175296
36,4/17/2021 12:00,0.3170022611972702
37,4/17/2021 13:00,0.330863795947094
38,4/17/2021 14:00,0.32630569188720776
39,4/17/2021 15:00,0.35093476198625595
40,4/17/2021 16:00,0.352161823389477
41,4/17/2021 17:00,0.37984816674116406
42,4/17/2021 18:00,0.4326444082154087
43,4/17/2021 19:00,0.4656932075841045
44,4/17/2021 20:00,0.491697053672494
45,4/17/2021 21:00,0.525602532739142
46,4/17/2021 22:00,0.5388776189611855
47,4/17/2021 23:00,0.507729402964941
48,4/18/2021 0:00,0.5205326206306368
49,4/18/2021 1:00,0.5200777588528327
50,4/18/2021 2:00,0.5162807206367095
51,4/18/2021 3:00,0.5223868099603676
52,4/18/2021 4:00,0.5232653865060055
53,4/18/2021 5:00,0.5113609710403902
54,4/18/2021 6:00,0.5136139410908903
55,4/18/2021 7:00,0.5081313942310838
56,4/18/2021 8:00,0.5152715672646955
57,4/18/2021 9:00,0.4954089493744025
58,4/18/2021 10:00,0.48390706414200096
59,4/18/2021 11:00,0.46034146211944377
60,4/18/2021 12:00,0.46821447651492404
61,4/18/2021 13:00,0.4731224690370575
62,4/18/2021 14:00,0.4724277418058715
63,4/18/2021 15:00,0.495204261601191
64,4/18/2021 16:00,0.536627502540586
65,4/18/2021 17:00,0.595748347167116
66,4/18/2021 18:00,0.6397457911896949
67,4/18/2021 19:00,0.7155944529354624
68,4/18/2021 20:00,0.7164614238745043
69,4/18/2021 21:00,0.6348268258375078
70,4/18/2021 22:00,0.5290212520449652
71,4/18/2021 23:00,0.420134788917138
72,4/19/2021 0:00,0.39201454781124573
73,4/19/2021 1:00,0.40105588695885974
74,4/19/2021 2:00,0.4236585493034918
75,4/19/2021 3:00,0.4134302149661007
76,4/19/2021 4:00,0.419711699394439
77,4/19/2021 5:00,0.4058096534976878
78,4/19/2021 6:00,0.4249760833685247
79,4/19/2021 7:00,0.3968929338306245
80,4/19/2021 8:00,0.377874477806794
81,4/19/2021 9:00,0.398818633269382
82,4/19/2021 10:00,0.4212042912781515
83,4/19/2021 11:00,0.42679970104162873
84,4/19/2021 12:00,0.44372634030420427
85,4/19/2021 13:00,0.4416361449183882
86,4/19/2021 14:00,0.4440623823290055
87,4/19/2021 15:00,0.4549590071236567
88,4/19/2021 16:00,0.45489718283152375
89,4/19/2021 17:00,0.48599607733185324
90,4/19/2021 18:00,0.47463902311970374
91,4/19/2021 19:00,0.483187143236049
92,4/19/2021 20:00,0.5146695933214135
93,4/19/2021 21:00,0.5141858494539525
94,4/19/2021 22:00,0.5086096116747455
95,4/19/2021 23:00,0.5332018812081177
96,4/20/2021 0:00,0.5286635715603822
97,4/20/2021 1:00,0.535364719398033
98,4/20/2021 2:00,0.5017170481160542
99,4/20/2021 3:00,0.5152468267801781
100,4/20/2021 4:00,0.5215864956611987
101,4/20/2021 5:00,0.4908707841374992
102,4/20/2021 6:00,0.4945851036815747
103,4/20/2021 7:00,0.5072271435269587
104,4/20/2021 8:00,0.48581654273310176
105,4/20/2021 9:00,0.4840580573652692
106,4/20/2021 10:00,0.46017543962603175
107,4/20/2021 11:00,0.4537455519825125
108,4/20/2021 12:00,0.4425698268748188
109,4/20/2021 13:00,0.450264506731463
110,4/20/2021 14:00,0.4583499884509392
111,4/20/2021 15:00,0.4559534568548485
112,4/20/2021 16:00,0.47851259497410004
113,4/20/2021 17:00,0.4829458413282678
114,4/20/2021 18:00,0.5161315075845055
115,4/20/2021 19:00,0.5401196366955677
116,4/20/2021 20:00,0.5537014882897455
117,4/20/2021 21:00,0.58125028508912
118,4/20/2021 22:00,0.5979693291136262
119,4/20/2021 23:00,0.588785911775897
120,4/21/2021 0:00,0.571281854659132
121,4/21/2021 1:00,0.5780044993233865
122,4/21/2021 2:00,0.5559250247096728
123,4/21/2021 3:00,0.5593096974988223
124,4/21/2021 4:00,0.5663215835399
125,4/21/2021 5:00,0.5915472609405068
126,4/21/2021 6:00,0.5510240608728325
127,4/21/2021 7:00,0.5562941378091134
128,4/21/2021 8:00,0.5579675653618712
129,4/21/2021 9:00,0.544679689652779
130,4/21/2021 10:00,0.5117336282943216
131,4/21/2021 11:00,0.5176103462312529
132,4/21/2021 12:00,0.5151745018507687
133,4/21/2021 13:00,0.5179990513392795
134,4/21/2021 14:00,0.526176933487819
135,4/21/2021 15:00,0.5378605470994966
136,4/21/2021 16:00,0.5673509765360265
137,4/21/2021 17:00,0.619261482285805
138,4/21/2021 18:00,0.7079661183238362
139,4/21/2021 19:00,0.7300021159034973
140,4/21/2021 20:00,0.7654535343039219
141,4/21/2021 21:00,0.7530805793398623
142,4/21/2021 22:00,0.7616132445196222
143,4/21/2021 23:00,0.7863065013433785
144,4/22/2021 0:00,0.7489279262781913
145,4/22/2021 1:00,0.758626645716939
146,4/22/2021 2:00,0.738352197810608
147,4/22/2021 3:00,0.7416855253448915
148,4/22/2021 4:00,0.7110506708559975
149,4/22/2021 5:00,0.7365551855430204
150,4/22/2021 6:00,0.7238390686250902
151,4/22/2021 7:00,0.7096031416050408
152,4/22/2021 8:00,0.6842916410269394
153,4/22/2021 9:00,0.6426969156911213
154,4/22/2021 10:00,0.6103251772846923
155,4/22/2021 11:00,0.6082800086447431
156,4/22/2021 12:00,0.6157005955877117
157,4/22/2021 13:00,0.6145918653733138
158,4/22/2021 14:00,0.5623449313380607
159,4/22/2021 15:00,0.539549977444074
160,4/22/2021 16:00,0.538858010330274
161,4/22/2021 17:00,0.5976281469418385
162,4/22/2021 18:00,0.6567818640226033
163,4/22/2021 19:00,0.7114554776646365
164,4/22/2021 20:00,0.6504423836696858
165,4/22/2021 21:00,0.6887556104542912
166,4/22/2021 22:00,0.692830764531854
167,4/22/2021 23:00,0.6676243619740043
168,4/23/2021 0:00,0.6418752783591972
169,4/23/2021 1:00,0.652058041197163
170,4/23/2021 2:00,0.6362748886068875
171,4/23/2021 3:00,0.5939983836114441
172,4/23/2021 4:00,0.5757561221662765
173,4/23/2021 5:00,0.5926458476462413
174,4/23/2021 6:00,0.5672622428281022
175,4/23/2021 7:00,0.581327153847188
176,4/23/2021 8:00,0.5914883673242375
177,4/23/2021 9:00,0.5833512197468402
178,4/23/2021 10:00,0.5869380965209935
179,4/23/2021 11:00,0.5884587823893555
180,4/23/2021 12:00,0.605156896667439
181,4/23/2021 13:00,0.6201555954750063
182,4/23/2021 14:00,0.647544957102141
183,4/23/2021 15:00,0.6667979821765735
184,4/23/2021 16:00,0.6399123568940346
185,4/23/2021 17:00,0.6778329391169268
186,4/23/2021 18:00,0.6815107534381976
187,4/23/2021 19:00,0.7027724189554813
188,4/23/2021 20:00,0.7294310754495983
189,4/23/2021 21:00,0.7378238231585608
190,4/23/2021 22:00,0.7192076031108308
191,4/23/2021 23:00,0.724916877970098
192,4/24/2021 0:00,0.7043102592985657
193,4/24/2021 1:00,0.7378852110791537
194,4/24/2021 2:00,0.7384786436041827
195,4/24/2021 3:00,0.681827675809324
196,4/24/2021 4:00,0.6823192595794358
197,4/24/2021 5:00,0.7148564600709229
198,4/24/2021 6:00,0.6979646139043958
199,4/24/2021 7:00,0.6827366561577313
200,4/24/2021 8:00,0.662389976021442
201,4/24/2021 9:00,0.674239284160504
202,4/24/2021 10:00,0.6387292951834245
203,4/24/2021 11:00,0.6138702918445254
204,4/24/2021 12:00,0.5966091882282458
205,4/24/2021 13:00,0.6318615667196905
206,4/24/2021 14:00,0.6765400708819452
207,4/24/2021 15:00,0.746576776191502
208,4/24/2021 16:00,0.7837524450428295
209,4/24/2021 17:00,0.8011118454680375
210,4/24/2021 18:00,0.8390740744502337
211,4/24/2021 19:00,0.7999580801713431
212,4/24/2021 20:00,0.7973465489594532
213,4/24/2021 21:00,0.8635745473173135
214,4/24/2021 22:00,0.8174249824477751
215,4/24/2021 23:00,0.8217862664742441
216,4/25/2021 0:00,0.8286652024025175
217,4/25/2021 1:00,0.8149407066043399
218,4/25/2021 2:00,0.7859086081815212
219,4/25/2021 3:00,0.7663769020896
220,4/25/2021 4:00,0.7805440706590042
221,4/25/2021 5:00,0.7899248958247574
222,4/25/2021 6:00,0.7423425679650348
223,4/25/2021 7:00,0.7582492062054073
224,4/25/2021 8:00,0.763427813848737
225,4/25/2021 9:00,0.7868827206937969
226,4/25/2021 10:00,0.743604656134799
227,4/25/2021 11:00,0.7308570076370826
228,4/25/2021 12:00,0.7233603172546232
229,4/25/2021 13:00,0.7651078802492338
230,4/25/2021 14:00,0.82725684204355
231,4/25/2021 15:00,0.8382321248883464
232,4/25/2021 16:00,0.8134294676337367
233,4/25/2021 17:00,0.7809394351562309
234,4/25/2021 18:00,0.8170534502364957
235,4/25/2021 19:00,0.848686415318833
236,4/25/2021 20:00,0.8673251448239526
237,4/25/2021 21:00,0.8349627012375574
238,4/25/2021 22:00,0.8318113742410329
239,4/25/2021 23:00,0.8208759936277783
240,4/26/2021 0:00,0.8039348052459521
241,4/26/2021 1:00,0.7752836506349704
242,4/26/2021 2:00,0.7668691959034132
243,4/26/2021 3:00,0.7593428633077285
244,4/26/2021 4:00,0.7296223297935968
245,4/26/2021 5:00,0.7421965138340515
246,4/26/2021 6:00,0.7132669549147725
247,4/26/2021 7:00,0.7177711185723595
248,4/26/2021 8:00,0.7170815032510732
249,4/26/2021 9:00,0.7125674060633408
250,4/26/2021 10:00,0.7145592566809386
251,4/26/2021 11:00,0.7222246695736615
252,4/26/2021 12:00,0.7252224244177545
253,4/26/2021 13:00,0.6987459413547843
254,4/26/2021 14:00,0.7077181013751231
255,4/26/2021 15:00,0.7122898330461471
256,4/26/2021 16:00,0.696690445781329
257,4/26/2021 17:00,0.7114390795632507
258,4/26/2021 18:00,0.7641917425830977
259,4/26/2021 19:00,0.7536756207546043
260,4/26/2021 20:00,0.7591054693316119
261,4/26/2021 21:00,0.7788569026110818
262,4/26/2021 22:00,0.7865030324511427
263,4/26/2021 23:00,0.7979862355639057
264,4/27/2021 0:00,0.7861489166619545
265,4/27/2021 1:00,0.7838632018203927
266,4/27/2021 2:00,0.7661641110831368
267,4/27/2021 3:00,0.7521413731789912
268,4/27/2021 4:00,0.7629365906341218
269,4/27/2021 5:00,0.7446446438527657
270,4/27/2021 6:00,0.7288446381584465
271,4/27/2021 7:00,0.7258446253250742
272,4/27/2021 8:00,0.7266948519475978
273,4/27/2021 9:00,0.6787251257488358
274,4/27/2021 10:00,0.6582854846931108
275,4/27/2021 11:00,0.635620482243759
276,4/27/2021 12:00,0.6457221480172205
277,4/27/2021 13:00,0.6451500086853486
278,4/27/2021 14:00,0.6331840223324378
279,4/27/2021 15:00,0.6689207658934166
280,4/27/2021 16:00,0.691361456102647
281,4/27/2021 17:00,0.7464264530599107
282,4/27/2021 18:00,0.7803648399457918
283,4/27/2021 19:00,0.8231227485718438
284,4/27/2021 20:00,0.8719248839406708
285,4/27/2021 21:00,0.8740375082973513
286,4/27/2021 22:00,0.8522298450833117
287,4/27/2021 23:00,0.8850911005199436
288,4/28/2021 0:00,0.899642725128362
289,4/28/2021 1:00,0.8981785298867618
290,4/28/2021 2:00,0.9049908408457246
291,4/28/2021 3:00,0.8879546299776937
292,4/28/2021 4:00,0.857611066603784
293,4/28/2021 5:00,0.8258977268988003
294,4/28/2021 6:00,0.8718284869488211
295,4/28/2021 7:00,0.869522491573573
296,4/28/2021 8:00,0.8462217929748524
297,4/28/2021 9:00,0.767656797711478
298,4/28/2021 10:00,0.7727577847108823
299,4/28/2021 11:00,0.7404759654770202
300,4/28/2021 12:00,0.7639379507858073
301,4/28/2021 13:00,0.7919628666348679
302,4/28/2021 14:00,0.7670134318226336
303,4/28/2021 15:00,0.7735804358073327
304,4/28/2021 16:00,0.849553966404919
305,4/28/2021 17:00,0.9465504175952489
306,4/28/2021 18:00,0.9904653145893629
307,4/28/2021 19:00,1.0867620374418026
308,4/28/2021 20:00,1.1038472514768451
309,4/28/2021 21:00,1.11243410706129
310,4/28/2021 22:00,1.1384044456158775
311,4/28/2021 23:00,1.1916502497828525
312,4/29/2021 0:00,1.2133310590648174
313,4/29/2021 1:00,1.1811464416356299
314,4/29/2021 2:00,1.1098791998269524
315,4/29/2021 3:00,1.1344178513335577
316,4/29/2021 4:00,1.1470197666191426
317,4/29/2021 5:00,1.1327749581026598
318,4/29/2021 6:00,1.1123256545246676
319,4/29/2021 7:00,1.1412590024969476
320,4/29/2021 8:00,1.1358526066842927
321,4/29/2021 9:00,1.11544368528417
322,4/29/2021 10:00,1.0891414110380802
323,4/29/2021 11:00,1.0365010237539083
324,4/29/2021 12:00,1.142726785426235
325,4/29/2021 13:00,1.1013434106330449
326,4/29/2021 14:00,1.141370527958635
327,4/29/2021 15:00,1.2322722600517826
328,4/29/2021 16:00,1.3503812057194775
329,4/29/2021 17:00,1.4944376115970526
330,4/29/2021 18:00,1.6458300622633901
331,4/29/2021 19:00,1.775833635948365
332,4/29/2021 20:00,1.889146141196285
333,4/29/2021 21:00,1.9658095451405049
334,4/29/2021 22:00,2.0477188114580023
335,4/29/2021 23:00,2.00457034198189
336,4/30/2021 0:00,1.945908096895585
337,4/30/2021 1:00,2.0399151489042353
338,4/30/2021 2:00,1.9642951098492425
339,4/30/2021 3:00,1.9665559361812575
340,4/30/2021 4:00,1.9982795961607076
341,4/30/2021 5:00,2.0183699713719596
342,4/30/2021 6:00,1.9367185244064549
343,4/30/2021 7:00,1.8974829260889274
344,4/30/2021 8:00,1.904349411296505
345,4/30/2021 9:00,1.8007704797891475
346,4/30/2021 10:00,1.8289839591987151
347,4/30/2021 11:00,1.8730230927219373
348,4/30/2021 12:00,1.89512822614587
349,4/30/2021 13:00,1.8322452422927302
350,4/30/2021 14:00,1.920891166014545
351,4/30/2021 15:00,2.1354790787794626
352,4/30/2021 16:00,2.23018558623789
353,4/30/2021 17:00,2.3373041583775076
354,4/30/2021 18:00,2.69784892922136
355,4/30/2021 19:00,2.890601111819728
356,4/30/2021 20:00,2.9009884105397754
357,4/30/2021 21:00,3.0978654784468924
358,4/30/2021 22:00,3.1625721517817476
359,4/30/2021 23:00,3.2433894041345503
360,5/1/2021 0:00,3.2236384519875303
361,5/1/2021 1:00,3.294462585472087
362,5/1/2021 2:00,3.296765733417975
363,5/1/2021 3:00,3.3721138367713652
364,5/1/2021 4:00,3.465753804027115
365,5/1/2021 5:00,3.5472634158745624
366,5/1/2021 6:00,3.4757657099495924
367,5/1/2021 7:00,3.44990174853553
368,5/1/2021 8:00,3.52364655103211
369,5/1/2021 9:00,3.2983309730117525
370,5/1/2021 10:00,3.2621820388105376
371,5/1/2021 11:00,3.347462800317188
372,5/1/2021 12:00,3.287664792930285
373,5/1/2021 13:00,3.1821234809631727
374,5/1/2021 14:00,3.34792469551838
375,5/1/2021 15:00,3.2763822279527575
376,5/1/2021 16:00,3.7147682279629577
377,5/1/2021 17:00,4.009618772203048
378,5/1/2021 18:00,4.006306878876673
379,5/1/2021 19:00,4.090943629501307
380,5/1/2021 20:00,4.278450554939365
381,5/1/2021 21:00,4.265070270366287
382,5/1/2021 22:00,4.14679787957086
383,5/1/2021 23:00,4.300624056456424
384,5/2/2021 0:00,4.188067332439325
385,5/2/2021 1:00,4.069833975208645
386,5/2/2021 2:00,4.017843767357867
387,5/2/2021 3:00,4.171054637477548
388,5/2/2021 4:00,4.201510221937585
389,5/2/2021 5:00,3.89959674540495
390,5/2/2021 6:00,3.8280051257399377
391,5/2/2021 7:00,3.6867809243180525
392,5/2/2021 8:00,3.6068975719401273
393,5/2/2021 9:00,3.689840327841055
394,5/2/2021 10:00,3.5071989690034124
395,5/2/2021 11:00,3.38260559900686
396,5/2/2021 12:00,3.3027325902811624
397,5/2/2021 13:00,3.299216138334865
398,5/2/2021 14:00,3.3333065248562823
399,5/2/2021 15:00,3.3503470345726676
400,5/2/2021 16:00,3.1714500119662254
401,5/2/2021 17:00,3.217698586091285
402,5/2/2021 18:00,3.3290901597997875
403,5/2/2021 19:00,3.38851054654596
404,5/2/2021 20:00,3.3004160336638626
405,5/2/2021 21:00,3.3081316058795376
406,5/2/2021 22:00,3.25565595526417
407,5/2/2021 23:00,3.1756292189515976
408,5/3/2021 0:00,3.058207007151747
409,5/3/2021 1:00,2.915739096540535
410,5/3/2021 2:00,3.00197150615656
411,5/3/2021 3:00,2.978048073152448
412,5/3/2021 4:00,2.9627192577517376
413,5/3/2021 5:00,2.859118460713925
414,5/3/2021 6:00,2.8794705879453675
415,5/3/2021 7:00,2.834343707391375
416,5/3/2021 8:00,2.7728436770279075
417,5/3/2021 9:00,2.6695079167910025
418,5/3/2021 10:00,2.6265822894979625
419,5/3/2021 11:00,2.6319574614043972
420,5/3/2021 12:00,2.6476150288511726
421,5/3/2021 13:00,2.60103360438121
422,5/3/2021 14:00,2.69698991584401
423,5/3/2021 15:00,2.7151485301281797
424,5/3/2021 16:00,2.8961539985747375
425,5/3/2021 17:00,2.7555957820009978
426,5/3/2021 18:00,2.7918193770861026
427,5/3/2021 19:00,2.74920153150103
428,5/3/2021 20:00,2.814274447021945
429,5/3/2021 21:00,2.8807232923886925
430,5/3/2021 22:00,2.87147865883678
431,5/3/2021 23:00,2.71845534107136
432,5/4/2021 0:00,2.709969521277355
433,5/4/2021 1:00,2.704784990310915
434,5/4/2021 2:00,2.6478703312534777
435,5/4/2021 3:00,2.6177610085114074
436,5/4/2021 4:00,2.59504363508827
437,5/4/2021 5:00,2.713685433841947
438,5/4/2021 6:00,2.5633753344239953
439,5/4/2021 7:00,2.671813710584493
440,5/4/2021 8:00,2.564927737336273
441,5/4/2021 9:00,2.52151226688332
442,5/4/2021 10:00,2.47211061729179
443,5/4/2021 11:00,2.4015821649322726
444,5/4/2021 12:00,2.33602114164778
445,5/4/2021 13:00,2.3304219713123797
446,5/4/2021 14:00,2.255789059640228
447,5/4/2021 15:00,2.37270350533566
448,5/4/2021 16:00,2.4101668909988274
449,5/4/2021 17:00,2.336849312581375
450,5/4/2021 18:00,2.43860726430206
451,5/4/2021 19:00,2.43887287843393
452,5/4/2021 20:00,2.538779690609665
453,5/4/2021 21:00,2.532066459817635
454,5/4/2021 22:00,2.5191778597617724
455,5/4/2021 23:00,2.54764368676466
456,5/5/2021 0:00,2.5303917690590825
457,5/5/2021 1:00,2.552354020878845
458,5/5/2021 2:00,2.4410558524011776
459,5/5/2021 3:00,2.423439542041643
460,5/5/2021 4:00,2.411681040394015
461,5/5/2021 5:00,2.402789713210675
462,5/5/2021 6:00,2.3801968990508224
463,5/5/2021 7:00,2.3695147103104226
464,5/5/2021 8:00,2.2688404079088054
465,5/5/2021 9:00,2.1864818915659177
466,5/5/2021 10:00,2.1646895433917273
467,5/5/2021 11:00,2.16802354636342
468,5/5/2021 12:00,2.128463270483805
469,5/5/2021 13:00,2.046426868064315
470,5/5/2021 14:00,2.0595049655471227
471,5/5/2021 15:00,2.07289392545218
472,5/5/2021 16:00,2.1154851422295224
473,5/5/2021 17:00,2.2458018469392926
474,5/5/2021 18:00,2.3219254842821924
475,5/5/2021 19:00,2.4849839443276274
476,5/5/2021 20:00,2.39879921189777
477,5/5/2021 21:00,2.5096219109641624
478,5/5/2021 22:00,2.6756484353068553
479,5/5/2021 23:00,2.5096469287511924
480,5/6/2021 0:00,2.56293812359088
481,5/6/2021 1:00,2.556660767949287
482,5/6/2021 2:00,2.641820439011795
483,5/6/2021 3:00,2.641716638146555
484,5/6/2021 4:00,2.592612934352825
485,5/6/2021 5:00,2.4903470809862776
486,5/6/2021 6:00,2.5137961721193776
487,5/6/2021 7:00,2.63740997796232
488,5/6/2021 8:00,2.4496372982392853
489,5/6/2021 9:00,2.3503847086830825
490,5/6/2021 10:00,2.39569814450386
491,5/6/2021 11:00,2.446775353010485
492,5/6/2021 12:00,2.3967181718264925
493,5/6/2021 13:00,2.4910192212129374
494,5/6/2021 14:00,2.5445473394431675
495,5/6/2021 15:00,2.6114324299029277
496,5/6/2021 16:00,2.8183145820093873
497,5/6/2021 17:00,2.9908129107070525
498,5/6/2021 18:00,3.2189114988285574
499,5/6/2021 19:00,3.5326696345100976
500,5/6/2021 20:00,3.639320750540795
501,5/6/2021 21:00,3.6293216054016972
502,5/6/2021 22:00,3.595027629591765
503,5/6/2021 23:00,3.519949587478573
504,5/7/2021 0:00,3.379691729677487
505,5/7/2021 1:00,3.61734814610205
506,5/7/2021 2:00,3.53457552296054
507,5/7/2021 3:00,3.6043374764375224
508,5/7/2021 4:00,3.5073524033167622
509,5/7/2021 5:00,3.66883566579504
510,5/7/2021 6:00,3.532656358767135
511,5/7/2021 7:00,3.4836181045080474
512,5/7/2021 8:00,3.589054728412895
513,5/7/2021 9:00,3.58195887784911
514,5/7/2021 10:00,3.3907430139548325
515,5/7/2021 11:00,3.440546827697055
516,5/7/2021 12:00,3.3702821564117276
517,5/7/2021 13:00,3.365753314259825
518,5/7/2021 14:00,3.6459500482692278
519,5/7/2021 15:00,3.5879556253235574
520,5/7/2021 16:00,3.5367429105695223
521,5/7/2021 17:00,3.43640775817406
522,5/7/2021 18:00,3.54440879639421
523,5/7/2021 19:00,3.5278965347088924
524,5/7/2021 20:00,3.60437583196142
525,5/7/2021 21:00,3.6526964251962375
526,5/7/2021 22:00,3.62014207596289
527,5/7/2021 23:00,3.578829755290045
528,5/8/2021 0:00,3.6299448973109696
529,5/8/2021 1:00,3.6554787780322875
530,5/8/2021 2:00,3.74808990067925
531,5/8/2021 3:00,3.7334030303861954
532,5/8/2021 4:00,3.6337108070659725
533,5/8/2021 5:00,3.5910078506632597
534,5/8/2021 6:00,3.66392780665203
535,5/8/2021 7:00,3.7991585144152324
536,5/8/2021 8:00,3.771108657895377
537,5/8/2021 9:00,3.73120517847327
538,5/8/2021 10:00,3.8488538245010178
539,5/8/2021 11:00,3.8226738459322624
540,5/8/2021 12:00,3.6544856872420373
541,5/8/2021 13:00,3.7536951223652175
542,5/8/2021 14:00,3.6380022345068
543,5/8/2021 15:00,3.3654644266744427
544,5/8/2021 16:00,3.639471424947125
545,5/8/2021 17:00,3.3226186164006424
546,5/8/2021 18:00,3.4570508198916228
547,5/8/2021 19:00,3.368101510210125
548,5/8/2021 20:00,3.4915645862954525
549,5/8/2021 21:00,3.26476987840834
550,5/8/2021 22:00,3.341168839223843
551,5/8/2021 23:00,3.6028403399990028
552,5/9/2021 0:00,3.4229102816338797
553,5/9/2021 1:00,3.2684786230110774
554,5/9/2021 2:00,3.3486460444366424
555,5/9/2021 3:00,3.3711895971729278
556,5/9/2021 4:00,3.2397043086902775
557,5/9/2021 5:00,3.2460448409679947
558,5/9/2021 6:00,3.2386538958101427
559,5/9/2021 7:00,3.19526538640892
560,5/9/2021 8:00,3.0688688699184503
561,5/9/2021 9:00,3.0676723517164275
562,5/9/2021 10:00,2.866955454974045
563,5/9/2021 11:00,2.931683522966445
564,5/9/2021 12:00,3.0271621115459824
565,5/9/2021 13:00,2.8552776970880624
566,5/9/2021 14:00,2.9895702483245574
567,5/9/2021 15:00,2.850675827731085
568,5/9/2021 16:00,2.7625643088946275
569,5/9/2021 17:00,2.631319990599245
570,5/9/2021 18:00,2.59036013092385
571,5/9/2021 19:00,2.6210632635746074
572,5/9/2021 20:00,2.608856034491755
573,5/9/2021 21:00,2.53433390581599
574,5/9/2021 22:00,2.4857604722202247
575,5/9/2021 23:00,2.5214111467428975
576,5/10/2021 0:00,2.5045515237935176
577,5/10/2021 1:00,2.38901298613999
578,5/10/2021 2:00,2.473860540209805
579,5/10/2021 3:00,2.455500025425055
580,5/10/2021 4:00,2.3302105156749127
581,5/10/2021 5:00,2.29583179113144
582,5/10/2021 6:00,2.3100772738918125
583,5/10/2021 7:00,2.2292830283642275
584,5/10/2021 8:00,2.22775068132366
585,5/10/2021 9:00,2.240055050049965
586,5/10/2021 10:00,2.2390644387894825
587,5/10/2021 11:00,2.1542360848264424
588,5/10/2021 12:00,2.140836824581965
589,5/10/2021 13:00,2.06241329510125
590,5/10/2021 14:00,2.0911547691066876
591,5/10/2021 15:00,2.0021424690168077
592,5/10/2021 16:00,2.0751191547183874
593,5/10/2021 17:00,2.11872597112423
594,5/10/2021 18:00,2.1254955793040726
595,5/10/2021 19:00,2.0677630087397003
596,5/10/2021 20:00,2.164663915357425
597,5/10/2021 21:00,2.171791208305205
598,5/10/2021 22:00,2.0747975234948175
599,5/10/2021 23:00,2.16190698936315
600,5/11/2021 0:00,2.0740213396977825
601,5/11/2021 1:00,2.054562318795325
602,5/11/2021 2:00,2.101045831115845
603,5/11/2021 3:00,2.10248065738881
604,5/11/2021 4:00,1.9619519324742576
605,5/11/2021 5:00,1.98824732182839
606,5/11/2021 6:00,1.86556880596629
607,5/11/2021 7:00,1.8970613305398498
608,5/11/2021 8:00,1.8448978893610624
609,5/11/2021 9:00,1.7861160994185474
610,5/11/2021 10:00,1.717843238459635
611,5/11/2021 11:00,1.705619752464925
612,5/11/2021 12:00,1.8269548849867625
613,5/11/2021 13:00,1.7118544009882548
614,5/11/2021 14:00,1.808884497820075
615,5/11/2021 15:00,1.78171413268199
616,5/11/2021 16:00,1.7467631008973523
617,5/11/2021 17:00,1.7116397805150951
618,5/11/2021 18:00,1.7068854123334627
619,5/11/2021 19:00,1.6898245647393675
620,5/11/2021 20:00,1.6357943519243976
621,5/11/2021 21:00,1.66948673984739
622,5/11/2021 22:00,1.7070450627117775
623,5/11/2021 23:00,1.648429723279475
624,5/12/2021 0:00,1.6794090985267573
625,5/12/2021 1:00,1.7260628542561376
626,5/12/2021 2:00,1.7363588572571875
627,5/12/2021 3:00,1.65062634757497
628,5/12/2021 4:00,1.6596355135361498
629,5/12/2021 5:00,1.693545778048485
630,5/12/2021 6:00,1.60961604592851
631,5/12/2021 7:00,1.586299762727
632,5/12/2021 8:00,1.6094453886800677
633,5/12/2021 9:00,1.59962351420128
634,5/12/2021 10:00,1.4071045233251276
635,5/12/2021 11:00,1.4790157562523099
636,5/12/2021 12:00,1.5519682043359675
637,5/12/2021 13:00,1.4861182976393525
638,5/12/2021 14:00,1.4887416125204576
639,5/12/2021 15:00,1.5182472671786327
640,5/12/2021 16:00,1.635768470327135
641,5/12/2021 17:00,1.630827825150185
642,5/12/2021 18:00,1.6452874866402825
643,5/12/2021 19:00,1.7651888673885876
644,5/12/2021 20:00,1.8228424563594825
645,5/12/2021 21:00,1.7871105882471876
646,5/12/2021 22:00,1.720346049331705
647,5/12/2021 23:00,1.7835848900193125
648,5/13/2021 0:00,1.7566230763819852
649,5/13/2021 1:00,1.7910193396265828
650,5/13/2021 2:00,1.8221609948106026
651,5/13/2021 3:00,1.8262147822984276
652,5/13/2021 4:00,1.81334721494593
653,5/13/2021 5:00,1.7732483241435475
654,5/13/2021 6:00,1.7900087156082298
655,5/13/2021 7:00,1.77030964443872
656,5/13/2021 8:00,1.7080125628057776
657,5/13/2021 9:00,1.6195395562799726
658,5/13/2021 10:00,1.6248167576426327
659,5/13/2021 11:00,1.571591264353095
660,5/13/2021 12:00,1.5136378456260051
661,5/13/2021 13:00,1.600651955413895
662,5/13/2021 14:00,1.5888402221780624
663,5/13/2021 15:00,1.5358593423928724
664,5/13/2021 16:00,1.5821236776540326
665,5/13/2021 17:00,1.6270017194530801
666,5/13/2021 18:00,1.7276769422605724
667,5/13/2021 19:00,1.8305341137618125
668,5/13/2021 20:00,1.9186173242180349
669,5/13/2021 21:00,2.0504014622638973
670,5/13/2021 22:00,1.9813022233673898
671,5/13/2021 23:00,2.080865351117685
672,5/14/2021 0:00,2.08644419557986
673,5/14/2021 1:00,1.972982349128775
674,5/14/2021 2:00,1.99697759308342
675,5/14/2021 3:00,2.03359830397658
676,5/14/2021 4:00,1.9750789129870752
677,5/14/2021 5:00,1.9720177905358849
678,5/14/2021 6:00,1.965475930195375
679,5/14/2021 7:00,1.9275353114824973
680,5/14/2021 8:00,1.9487262412928223
681,5/14/2021 9:00,1.8521794310969648
682,5/14/2021 10:00,1.8718803497131151
683,5/14/2021 11:00,1.8825256230461673
684,5/14/2021 12:00,1.8453213410755602
685,5/14/2021 13:00,1.9334591160083199
686,5/14/2021 14:00,1.9267826363460676
687,5/14/2021 15:00,1.9895695228162975
688,5/14/2021 16:00,1.99850576542421
689,5/14/2021 17:00,2.1939733867670403
690,5/14/2021 18:00,2.2753322742919
691,5/14/2021 19:00,2.2668397232292703
692,5/14/2021 20:00,2.4150959742649274
693,5/14/2021 21:00,2.355616464435755
694,5/14/2021 22:00,2.3076187323879926
695,5/14/2021 23:00,2.318367685778585
696,5/15/2021 0:00,2.3743644436206672
697,5/15/2021 1:00,2.4094081281938453
698,5/15/2021 2:00,2.3305518279740474
699,5/15/2021 3:00,2.3344892915031927
700,5/15/2021 4:00,2.3977296000233124
701,5/15/2021 5:00,2.3430833611583424
702,5/15/2021 6:00,2.2978923132312152
703,5/15/2021 7:00,2.39328014928129
704,5/15/2021 8:00,2.241367021070542
705,5/15/2021 9:00,2.24087324668707
706,5/15/2021 10:00,2.2331399650824277
707,5/15/2021 11:00,2.22275321125832
708,5/15/2021 12:00,2.23149285105601
709,5/15/2021 13:00,2.25502426853149
710,5/15/2021 14:00,2.2885596074911603
711,5/15/2021 15:00,2.3745381920883677
712,5/15/2021 16:00,2.5281494841569176
713,5/15/2021 17:00,2.5042877776376726
714,5/15/2021 18:00,2.678954398711105
715,5/15/2021 19:00,2.7686427056446776
716,5/15/2021 20:00,2.91167444012644
717,5/15/2021 21:00,2.965378432809328
718,5/15/2021 22:00,3.0163891793912
719,5/15/2021 23:00,3.2071703559937275
720,5/16/2021 0:00,3.0806228544345875
721,5/16/2021 1:00,3.1461422356092825
722,5/16/2021 2:00,3.034746992356955
723,5/16/2021 3:00,3.0292288142672223
724,5/16/2021 4:00,3.030924544495635
725,5/16/2021 5:00,3.1167017360336797
726,5/16/2021 6:00,3.1002254398612448
727,5/16/2021 7:00,3.06331555535232
728,5/16/2021 8:00,2.999515779797955
729,5/16/2021 9:00,2.883790157597535
730,5/16/2021 10:00,2.918344436624495
731,5/16/2021 11:00,2.929982046314268
732,5/16/2021 12:00,2.8876016418999875
733,5/16/2021 13:00,2.9305352336595627
734,5/16/2021 14:00,2.84335731935166
735,5/16/2021 15:00,3.1023155198261447
736,5/16/2021 16:00,3.193377068181205
737,5/16/2021 17:00,3.2799903698811024
738,5/16/2021 18:00,3.4419087509479573
739,5/16/2021 19:00,3.51530984931117
740,5/16/2021 20:00,3.91950448514077
741,5/16/2021 21:00,3.936178707400307
742,5/16/2021 22:00,3.9078585121879623
743,5/16/2021 23:00,4.024336181290513
744,5/17/2021 0:00,4.05679793724827
745,5/17/2021 1:00,3.9286639518425677
746,5/17/2021 2:00,4.002068928109077
747,5/17/2021 3:00,4.027947795915775
748,5/17/2021 4:00,3.9301251244441247
749,5/17/2021 5:00,3.935705818730927
750,5/17/2021 6:00,4.010373915096425
751,5/17/2021 7:00,3.839689006318752
752,5/17/2021 8:00,3.7870326916899453
753,5/17/2021 9:00,3.902174592361555
754,5/17/2021 10:00,3.5938378315807973
755,5/17/2021 11:00,3.7055778477082524
756,5/17/2021 12:00,3.63809424134036
757,5/17/2021 13:00,3.8520651903701246
758,5/17/2021 14:00,3.74541879777422
759,5/17/2021 15:00,3.9106868237293524
760,5/17/2021 16:00,3.9642473528271625
761,5/17/2021 17:00,4.188045332210778
762,5/17/2021 18:00,4.411210514445015
763,5/17/2021 19:00,4.603803852934638
764,5/17/2021 20:00,4.8932118223582
765,5/17/2021 21:00,4.737676133349661
766,5/17/2021 22:00,4.986589840705229
767,5/17/2021 23:00,5.03254057209255
768,5/18/2021 0:00,4.8984880956606345
769,5/18/2021 1:00,4.930176828082034
770,5/18/2021 2:00,4.939029264996807
771,5/18/2021 3:00,4.6740976296181875
772,5/18/2021 4:00,4.654264800660265
773,5/18/2021 5:00,4.51969110149679
774,5/18/2021 6:00,4.51841034139421
775,5/18/2021 7:00,4.623153052218262
776,5/18/2021 8:00,4.475027183776115
777,5/18/2021 9:00,4.17714788246644
778,5/18/2021 10:00,4.06368856901769
779,5/18/2021 11:00,4.019929534621247
780,5/18/2021 12:00,3.9729164330890825
781,5/18/2021 13:00,3.61821266917106
782,5/18/2021 14:00,3.6892667973965123
783,5/18/2021 15:00,3.888943175601725
784,5/18/2021 16:00,4.106989111745677
785,5/18/2021 17:00,4.286029177380272
786,5/18/2021 18:00,4.806705182043415
787,5/18/2021 19:00,4.709430214492903
788,5/18/2021 20:00,5.067733856379027
789,5/18/2021 21:00,4.982947330848875
790,5/18/2021 22:00,4.663621794420427
791,5/18/2021 23:00,4.970443641335851
792,5/19/2021 0:00,4.603696462517233
793,5/19/2021 1:00,4.54884825053392
794,5/19/2021 2:00,4.4134983607742875
795,5/19/2021 3:00,4.4295125613199495
796,5/19/2021 4:00,4.454917940074665
797,5/19/2021 5:00,4.422240517498773
798,5/19/2021 6:00,4.196054227580845
799,5/19/2021 7:00,4.0916155280435325
800,5/19/2021 8:00,4.095285024878795
801,5/19/2021 9:00,3.9945420730993
802,5/19/2021 10:00,3.8660553809864355
803,5/19/2021 11:00,3.896332519642675
804,5/19/2021 12:00,3.6852593063699954
805,5/19/2021 13:00,3.7216048721417474
806,5/19/2021 14:00,3.678161379736355
807,5/19/2021 15:00,3.6051968596768873
808,5/19/2021 16:00,3.745160484022377
809,5/19/2021 17:00,3.7934043918437474
810,5/19/2021 18:00,3.9088478698840348
811,5/19/2021 19:00,3.7324773319845472
812,5/19/2021 20:00,3.9757147599823752
813,5/19/2021 21:00,4.075302268517023
814,5/19/2021 22:00,3.7265145040392453
815,5/19/2021 23:00,3.9512134544546003
816,5/20/2021 0:00,3.7826512988601726
817,5/20/2021 1:00,3.7811099887318647
818,5/20/2021 2:00,3.787232767557055
819,5/20/2021 3:00,3.8323547004718526
820,5/20/2021 4:00,3.6718578389487075
821,5/20/2021 5:00,3.6079428945515
822,5/20/2021 6:00,3.7453659037831004
823,5/20/2021 7:00,3.5891775455489623
824,5/20/2021 8:00,3.457845649534255
825,5/20/2021 9:00,3.2960887745874725
826,5/20/2021 10:00,3.29630798657293
827,5/20/2021 11:00,3.25655005509457
828,5/20/2021 12:00,3.283002946690965
829,5/20/2021 13:00,3.2785967413262824
830,5/20/2021 14:00,3.332182553437615
831,5/20/2021 15:00,3.17454263195927
832,5/20/2021 16:00,3.137976247896665
833,5/20/2021 17:00,3.1481532387992597
834,5/20/2021 18:00,3.101575410487487
835,5/20/2021 19:00,3.0468822403062696
836,5/20/2021 20:00,3.01563468759737
837,5/20/2021 21:00,2.9915981163861876
838,5/20/2021 22:00,2.79699763172351
839,5/20/2021 23:00,2.8862227029802874
840,5/21/2021 0:00,2.7605256349605
841,5/21/2021 1:00,2.7508357506979078
842,5/21/2021 2:00,2.660551346160455
843,5/21/2021 3:00,2.5780042269000876
844,5/21/2021 4:00,2.582377255532802
845,5/21/2021 5:00,2.551250451845948
846,5/21/2021 6:00,2.429050684388405
847,5/21/2021 7:00,2.3531153765074078
848,5/21/2021 8:00,2.4910236291105576
849,5/21/2021 9:00,2.2970788544286425
850,5/21/2021 10:00,2.27866430883287
851,5/21/2021 11:00,2.3119899438182574
852,5/21/2021 12:00,2.2336900533937127
853,5/21/2021 13:00,2.2490393554066825
854,5/21/2021 14:00,2.12383569747118
855,5/21/2021 15:00,2.150881259979875
856,5/21/2021 16:00,2.28768545517472
857,5/21/2021 17:00,2.1556939844875727
858,5/21/2021 18:00,2.2130437360803428
859,5/21/2021 19:00,2.117400318944785
860,5/21/2021 20:00,2.0385667557087026
861,5/21/2021 21:00,2.099749770936507
862,5/21/2021 22:00,2.0074205991515552
863,5/21/2021 23:00,1.949867833101675
864,5/22/2021 0:00,1.9898681069323523
865,5/22/2021 1:00,1.9916155797905626
866,5/22/2021 2:00,1.9386270281459725
867,5/22/2021 3:00,1.9524804008895775
868,5/22/2021 4:00,1.95079639150016
869,5/22/2021 5:00,1.9849075798570999
870,5/22/2021 6:00,1.90352451286167
871,5/22/2021 7:00,1.8261190047223326
872,5/22/2021 8:00,1.9012229696183973
873,5/22/2021 9:00,1.8213516184768475
874,5/22/2021 10:00,1.8659223140093326
875,5/22/2021 11:00,1.7015759300056499
876,5/22/2021 12:00,1.7907902662104926
877,5/22/2021 13:00,1.75734939014006
878,5/22/2021 14:00,1.785262768184785
879,5/22/2021 15:00,1.7485970487830351
880,5/22/2021 16:00,1.8542647930529799
881,5/22/2021 17:00,1.8449918534651024
882,5/22/2021 18:00,1.8894663607274151
883,5/22/2021 19:00,1.7548231991446723
884,5/22/2021 20:00,1.9070350541660699
885,5/22/2021 21:00,1.9729473874805927
886,5/22/2021 22:00,1.9187570073877374
887,5/22/2021 23:00,1.9371966529549074
888,5/23/2021 0:00,1.8149481813819675
889,5/23/2021 1:00,1.79853683319056
890,5/23/2021 2:00,1.8612350781379223
891,5/23/2021 3:00,1.7811202578229774
892,5/23/2021 4:00,1.76727771998693
893,5/23/2021 5:00,1.8034977801937448
894,5/23/2021 6:00,1.7715137318745051
895,5/23/2021 7:00,1.7742833256626702
896,5/23/2021 8:00,1.8610330957004775
897,5/23/2021 9:00,1.9032745014347852
898,5/23/2021 10:00,1.7935119522636027
899,5/23/2021 11:00,1.73035415286628
900,5/23/2021 12:00,1.8620024531318076
901,5/23/2021 13:00,1.8960088374542328
902,5/23/2021 14:00,2.0708348161887873
903,5/23/2021 15:00,2.1052715493506
904,5/23/2021 16:00,2.219199119218895
905,5/23/2021 17:00,2.34303352988237
906,5/23/2021 18:00,2.3489193962081103
907,5/23/2021 19:00,2.3685351569903554
908,5/23/2021 20:00,2.1938257969869874
909,5/23/2021 21:00,2.149137472484895
910,5/23/2021 22:00,2.177474944927135
911,5/23/2021 23:00,2.2651712368208425
912,5/24/2021 0:00,2.240176115196258
913,5/24/2021 1:00,2.1191047960928673
914,5/24/2021 2:00,2.0655369047320074
915,5/24/2021 3:00,2.1579157981500225
916,5/24/2021 4:00,1.9797802000762426
917,5/24/2021 5:00,2.049157882155935
918,5/24/2021 6:00,2.0139359407023427
919,5/24/2021 7:00,2.0029909896983424
920,5/24/2021 8:00,1.8958096466780248
921,5/24/2021 9:00,1.9810077405181374
922,5/24/2021 10:00,1.9910762617892375
923,5/24/2021 11:00,1.88097836447109
924,5/24/2021 12:00,1.916280636536695
925,5/24/2021 13:00,1.8019054008069075
926,5/24/2021 14:00,1.7810899662763524
927,5/24/2021 15:00,1.7009331348597025
928,5/24/2021 16:00,1.7638151098256099
929,5/24/2021 17:00,1.772034909410945
930,5/24/2021 18:00,1.7235602954780576
931,5/24/2021 19:00,1.7397488236074075
932,5/24/2021 20:00,1.751132572804215
933,5/24/2021 21:00,1.77300397223518
934,5/24/2021 22:00,1.7481058838985826
935,5/24/2021 23:00,1.80587374812623
936,5/25/2021 0:00,1.77361953062965
937,5/25/2021 1:00,1.6448849599871027
938,5/25/2021 2:00,1.611842009881275
939,5/25/2021 3:00,1.718038859158845
940,5/25/2021 4:00,1.7178571557989875
941,5/25/2021 5:00,1.659130828857375
942,5/25/2021 6:00,1.643178791123415
943,5/25/2021 7:00,1.5308203784624674
944,5/25/2021 8:00,1.5109142521067174
945,5/25/2021 9:00,1.5410557155443023
946,5/25/2021 10:00,1.459415363230195
947,5/25/2021 11:00,1.4699836454999875
948,5/25/2021 12:00,1.4655141695670226
949,5/25/2021 13:00,1.536243521186005
950,5/25/2021 14:00,1.7552061497203875
951,5/25/2021 15:00,1.6726869077666426
952,5/25/2021 16:00,1.5686661120166852
953,5/25/2021 17:00,1.427825162081385
954,5/25/2021 18:00,1.4895121866734824
955,5/25/2021 19:00,1.6110410130521151
956,5/25/2021 20:00,1.6287829792972177
957,5/25/2021 21:00,1.622605389473455
958,5/25/2021 22:00,1.6037241158736724
959,5/25/2021 23:00,1.6355435322181624
960,5/26/2021 0:00,1.4858376878286776
961,5/26/2021 1:00,1.5354600041985926
962,5/26/2021 2:00,1.5265638780971225
963,5/26/2021 3:00,1.515168297158635
964,5/26/2021 4:00,1.5427884794356224
965,5/26/2021 5:00,1.576749229053285
966,5/26/2021 6:00,1.6766892104134001
967,5/26/2021 7:00,1.7678934440742173
968,5/26/2021 8:00,1.790010027112005
969,5/26/2021 9:00,1.7153928905702551
970,5/26/2021 10:00,1.65918394875599
971,5/26/2021 11:00,1.7244386286104927
972,5/26/2021 12:00,1.5752618632554025
973,5/26/2021 13:00,1.6767180511027826
974,5/26/2021 14:00,1.6797202634183275
975,5/26/2021 15:00,1.66788850419508
976,5/26/2021 16:00,1.6952968860666626
977,5/26/2021 17:00,1.6960314655046624
978,5/26/2021 18:00,1.65930239076716
979,5/26/2021 19:00,1.6589456481975702
980,5/26/2021 20:00,1.5840286975061226
981,5/26/2021 21:00,1.6731726554782673
982,5/26/2021 22:00,1.6518590690420651
983,5/26/2021 23:00,1.7355707430756777
984,5/27/2021 0:00,1.6833274292321325
985,5/27/2021 1:00,1.65433115051303
986,5/27/2021 2:00,1.7044897074238876
987,5/27/2021 3:00,1.6729431825580825
988,5/27/2021 4:00,1.7410181387379198
989,5/27/2021 5:00,1.64227624003516
990,5/27/2021 6:00,1.6035110213646697
991,5/27/2021 7:00,1.621545864789295
992,5/27/2021 8:00,1.6866604323030976
993,5/27/2021 9:00,1.60677595228117
994,5/27/2021 10:00,1.6088824841030374
995,5/27/2021 11:00,1.5962229897172227
996,5/27/2021 12:00,1.6713738924249224
997,5/27/2021 13:00,1.675494894710625
998,5/27/2021 14:00,1.6839062303630175
999,5/27/2021 15:00,1.7598997817686448
1000,5/27/2021 16:00,1.791798670232525
1001,5/27/2021 17:00,1.8868257774132702
1002,5/27/2021 18:00,1.8767511507117924
1003,5/27/2021 19:00,1.8986742841806574
1004,5/27/2021 20:00,1.963506789971255
1005,5/27/2021 21:00,1.971551004150375
1006,5/27/2021 22:00,1.9175417811666273
1007,5/27/2021 23:00,1.80033967736655
1008,5/28/2021 0:00,1.6722588443452975
1009,5/28/2021 1:00,1.6217644718137598
1010,5/28/2021 2:00,1.6011008742719075
1011,5/28/2021 3:00,1.7011334292960174
1012,5/28/2021 4:00,1.6094679886498702
1013,5/28/2021 5:00,1.69424383358394
1014,5/28/2021 6:00,1.5950363109866499
1015,5/28/2021 7:00,1.63009733643088
1016,5/28/2021 8:00,1.6114223264235599
1017,5/28/2021 9:00,1.60720531990335
1018,5/28/2021 10:00,1.6097966699772726
1019,5/28/2021 11:00,1.6075418528631298
1020,5/28/2021 12:00,1.489383470172665
1021,5/28/2021 13:00,1.4480865503915674
1022,5/28/2021 14:00,1.4269618784473126
1023,5/28/2021 15:00,1.4339957673627048
1024,5/28/2021 16:00,1.4379504281407274
1025,5/28/2021 17:00,1.4353097315224477
1026,5/28/2021 18:00,1.5554152451343026
1027,5/28/2021 19:00,1.672258821139355
1028,5/28/2021 20:00,1.68733957245527
1029,5/28/2021 21:00,1.788943180147005
1030,5/28/2021 22:00,1.7655743767625176
1031,5/28/2021 23:00,1.7527076852463075
1032,5/29/2021 0:00,1.7107469230709627
1033,5/29/2021 1:00,1.798660219084255
1034,5/29/2021 2:00,1.7940230716676848
1035,5/29/2021 3:00,1.7818461795232399
1036,5/29/2021 4:00,1.70134522322415
1037,5/29/2021 5:00,1.6645411474303602
1038,5/29/2021 6:00,1.71036691501538
1039,5/29/2021 7:00,1.666089782295145
1040,5/29/2021 8:00,1.609522801964495
1041,5/29/2021 9:00,1.575569353326705
1042,5/29/2021 10:00,1.5008058029228826
1043,5/29/2021 11:00,1.5571634781552677
1044,5/29/2021 12:00,1.5224003407046776
1045,5/29/2021 13:00,1.5232895336678802
1046,5/29/2021 14:00,1.4653919990595274
1047,5/29/2021 15:00,1.5454781585896848
1048,5/29/2021 16:00,1.5777392938994623
1049,5/29/2021 17:00,1.60011909700785
1050,5/29/2021 18:00,1.6600273647059274
1051,5/29/2021 19:00,1.62109980731455
1052,5/29/2021 20:00,1.7328442350363924
1053,5/29/2021 21:00,1.8350834974010475
1054,5/29/2021 22:00,1.8776226381941126
1055,5/29/2021 23:00,1.9132533384061174
1056,5/30/2021 0:00,1.893943110093185
1057,5/30/2021 1:00,1.936572359318785
1058,5/30/2021 2:00,1.9408135641042126
1059,5/30/2021 3:00,1.9085077013483973
1060,5/30/2021 4:00,1.8311980565523625
1061,5/30/2021 5:00,1.8297957645235075
1062,5/30/2021 6:00,1.822295588638995
1063,5/30/2021 7:00,1.813434420734315
1064,5/30/2021 8:00,1.7716967732888327
1065,5/30/2021 9:00,1.7004338247570026
1066,5/30/2021 10:00,1.6801213283667549
1067,5/30/2021 11:00,1.64420208273155
1068,5/30/2021 12:00,1.582855433510595
1069,5/30/2021 13:00,1.6028105237833625
1070,5/30/2021 14:00,1.592369552416285
1071,5/30/2021 15:00,1.6293810798263524
1072,5/30/2021 16:00,1.7158879810582475
1073,5/30/2021 17:00,1.8190296105193475
1074,5/30/2021 18:00,1.8299163696164125
1075,5/30/2021 19:00,1.9152179880326
1076,5/30/2021 20:00,2.0357889338449775
1077,5/30/2021 21:00,2.1761772834390527
1078,5/30/2021 22:00,2.130773287940805
1079,5/30/2021 23:00,2.161994555796758
1080,5/31/2021 0:00,2.1774307028239823
1081,5/31/2021 1:00,2.1049465108754175
1082,5/31/2021 2:00,2.1175713493530948
1083,5/31/2021 3:00,2.1130856111134024
1084,5/31/2021 4:00,2.09036460606162
1085,5/31/2021 5:00,1.9987934900104374
1086,5/31/2021 6:00,2.1257984890582273
1087,5/31/2021 7:00,1.9620880399733376
1088,5/31/2021 8:00,1.9642740448713125
1089,5/31/2021 9:00,1.87623523515233
1090,5/31/2021 10:00,1.8593616080919375
1091,5/31/2021 11:00,1.8682975135026176
1092,5/31/2021 12:00,1.7902589208573199
1093,5/31/2021 13:00,1.8253441943407827
1094,5/31/2021 14:00,1.7259309483550473
1095,5/31/2021 15:00,1.7918713177047425
1096,5/31/2021 16:00,1.811158466460375
1097,5/31/2021 17:00,1.8719309003582398
1098,5/31/2021 18:00,1.9551923428174525
1099,5/31/2021 19:00,2.0752591635870274
1100,5/31/2021 20:00,2.12153117897723
1101,5/31/2021 21:00,2.2159194074370574
1102,5/31/2021 22:00,2.2163855710687925
1103,5/31/2021 23:00,2.23947373736368
1104,6/1/2021 0:00,2.1951108663248227
1105,6/1/2021 1:00,2.32865835296007
1106,6/1/2021 2:00,2.1562726498835825
1107,6/1/2021 3:00,2.20434566558174
1108,6/1/2021 4:00,2.2302162771683953
1109,6/1/2021 5:00,2.130072512829925
1110,6/1/2021 6:00,2.06907521532256
1111,6/1/2021 7:00,2.09892937694977
1112,6/1/2021 8:00,2.030519633634065
1113,6/1/2021 9:00,1.998055760564525
1114,6/1/2021 10:00,1.86402657542538
1115,6/1/2021 11:00,1.9372803635435503
1116,6/1/2021 12:00,1.9220890930603174
1117,6/1/2021 13:00,1.8409226444891176
1118,6/1/2021 14:00,1.8784320788549027
1119,6/1/2021 15:00,1.87405273662382
1120,6/1/2021 16:00,1.8975261180889
1121,6/1/2021 17:00,2.106780290420475
1122,6/1/2021 18:00,2.1504017732685172
1123,6/1/2021 19:00,2.320049572213345
1124,6/1/2021 20:00,2.4575576265977777
1125,6/1/2021 21:00,2.4734123040932174
1126,6/1/2021 22:00,2.4030280024333504
1127,6/1/2021 23:00,2.4302146226617576
1128,6/2/2021 0:00,2.4795735510688326
1129,6/2/2021 1:00,2.45042491067499
1130,6/2/2021 2:00,2.412697796015535
1131,6/2/2021 3:00,2.40578231967603
1132,6/2/2021 4:00,2.34226926922255
1133,6/2/2021 5:00,2.35458580687306
1134,6/2/2021 6:00,2.31578896468188
1135,6/2/2021 7:00,2.1711569604537124
1136,6/2/2021 8:00,2.2560360462713325
1137,6/2/2021 9:00,2.1157488944255274
1138,6/2/2021 10:00,2.0394600753040324
1139,6/2/2021 11:00,2.05939406092355
1140,6/2/2021 12:00,2.1196064091909173
1141,6/2/2021 13:00,2.153877359463955
1142,6/2/2021 14:00,2.1416587976953574
1143,6/2/2021 15:00,2.16847270245885
1144,6/2/2021 16:00,2.1459932734196947
1145,6/2/2021 17:00,2.30163512542094
1146,6/2/2021 18:00,2.364812794441545
1147,6/2/2021 19:00,2.4433770257903626
1148,6/2/2021 20:00,2.5067239253864426
1149,6/2/2021 21:00,2.6252963126263826
1150,6/2/2021 22:00,2.5517069503619574
1151,6/2/2021 23:00,2.561875459541375
1152,6/3/2021 0:00,2.640321423723695
1153,6/3/2021 1:00,2.52867066001714
1154,6/3/2021 2:00,2.5344997701036425
1155,6/3/2021 3:00,2.4717314273395052
1156,6/3/2021 4:00,2.3940597831507975
1157,6/3/2021 5:00,2.56711649917508
1158,6/3/2021 6:00,2.4235086606554126
1159,6/3/2021 7:00,2.3252223276947674
1160,6/3/2021 8:00,2.38477754369158
1161,6/3/2021 9:00,2.1410407175026176
1162,6/3/2021 10:00,2.13638770924078
1163,6/3/2021 11:00,2.1011031596010223
1164,6/3/2021 12:00,2.10739565729145
1165,6/3/2021 13:00,2.151259387690225
1166,6/3/2021 14:00,2.2060235751758626
1167,6/3/2021 15:00,2.2050286540279926
1168,6/3/2021 16:00,2.17576582278046
1169,6/3/2021 17:00,2.12989830871361
1170,6/3/2021 18:00,2.22505063644525
1171,6/3/2021 19:00,2.2261576832327425
1172,6/3/2021 20:00,2.36604818060217
1173,6/3/2021 21:00,2.426904339424545
1174,6/3/2021 22:00,2.2557923948607126
1175,6/3/2021 23:00,2.3539111005416373
1176,6/4/2021 0:00,2.490085748259192
1177,6/4/2021 1:00,2.1273092427975726
1178,6/4/2021 2:00,2.2735081096338927
1179,6/4/2021 3:00,2.3182953457718503
1180,6/4/2021 4:00,2.15563147466552
1181,6/4/2021 5:00,2.21232471562805
1182,6/4/2021 6:00,2.242225658859125
1183,6/4/2021 7:00,2.20310012646772
1184,6/4/2021 8:00,2.071920055944285
1185,6/4/2021 9:00,1.9424951505429475
1186,6/4/2021 10:00,1.938395748601045
1187,6/4/2021 11:00,1.8187390452843124
1188,6/4/2021 12:00,1.88032407009334
1189,6/4/2021 13:00,1.920973915987195
1190,6/4/2021 14:00,2.0000042838299925
1191,6/4/2021 15:00,1.9632777878481775
1192,6/4/2021 16:00,1.904342629085205
1193,6/4/2021 17:00,1.86187084832184
1194,6/4/2021 18:00,1.9337621385699775
1195,6/4/2021 19:00,2.01694179712976
1196,6/4/2021 20:00,1.940890906447005
1197,6/4/2021 21:00,1.9669625352628177
1198,6/4/2021 22:00,1.932526854682845
1199,6/4/2021 23:00,1.9183781087619425
1200,6/5/2021 0:00,2.0134917010125273
1201,6/5/2021 1:00,1.928582846478775
1202,6/5/2021 2:00,1.8913559147080474
1203,6/5/2021 3:00,1.9902350353208424
1204,6/5/2021 4:00,1.9181236451454327
1205,6/5/2021 5:00,1.9229588033844824
1206,6/5/2021 6:00,1.8756775807136223
1207,6/5/2021 7:00,1.8698691183417626
1208,6/5/2021 8:00,1.668993876987575
1209,6/5/2021 9:00,1.6527316025802579
1210,6/5/2021 10:00,1.603301750904465
1211,6/5/2021 11:00,1.655354288280015
1212,6/5/2021 12:00,1.5498755293577648
1213,6/5/2021 13:00,1.545999561158035
1214,6/5/2021 14:00,1.5142914639887075
1215,6/5/2021 15:00,1.5387382419117424
1216,6/5/2021 16:00,1.5500039392689273
1217,6/5/2021 17:00,1.5349112001230725
1218,6/5/2021 18:00,1.5397816425492026
1219,6/5/2021 19:00,1.5598846462731975
1220,6/5/2021 20:00,1.5658885782517
1221,6/5/2021 21:00,1.5325005432857626
1222,6/5/2021 22:00,1.573644781756775
1223,6/5/2021 23:00,1.6058878498349374
1224,6/6/2021 0:00,1.613496361459675
1225,6/6/2021 1:00,1.5590217186413375
1226,6/6/2021 2:00,1.5243441357589773
1227,6/6/2021 3:00,1.53724830827709
1228,6/6/2021 4:00,1.5451220544860278
1229,6/6/2021 5:00,1.5298855584284299
1230,6/6/2021 6:00,1.4377879732261776
1231,6/6/2021 7:00,1.4712665295233176
1232,6/6/2021 8:00,1.445515736758995
1233,6/6/2021 9:00,1.3672722536006225
1234,6/6/2021 10:00,1.2743607820262524
1235,6/6/2021 11:00,1.2446827178464825
1236,6/6/2021 12:00,1.2153914851198675
1237,6/6/2021 13:00,1.1719119830194824
1238,6/6/2021 14:00,1.138849279337835
1239,6/6/2021 15:00,1.1666285886469825
1240,6/6/2021 16:00,1.08474139987579
1241,6/6/2021 17:00,1.1171230361564426
1242,6/6/2021 18:00,1.2323749996911775
1243,6/6/2021 19:00,1.2538300582003676
1244,6/6/2021 20:00,1.2930026089144602
1245,6/6/2021 21:00,1.30239381942152
1246,6/6/2021 22:00,1.3427338281871823
1247,6/6/2021 23:00,1.3050615812047277
1248,6/7/2021 0:00,1.332106440158165
1249,6/7/2021 1:00,1.3345547392620503
1250,6/7/2021 2:00,1.2874765956057224
1251,6/7/2021 3:00,1.2859626638876425
1252,6/7/2021 4:00,1.2286190970804975
1253,6/7/2021 5:00,1.2087163761039676
1254,6/7/2021 6:00,1.1991647225121524
1255,6/7/2021 7:00,1.19049043224521
1256,6/7/2021 8:00,1.2359960433893225
1257,6/7/2021 9:00,1.1644434498896825
1258,6/7/2021 10:00,1.1492601353107625
1259,6/7/2021 11:00,1.1292193048119226
1260,6/7/2021 12:00,1.1352828045515102
1261,6/7/2021 13:00,1.1175199016628474
1262,6/7/2021 14:00,1.064924996435615
1263,6/7/2021 15:00,1.0444302117477913
1264,6/7/2021 16:00,1.0167611035533037
1265,6/7/2021 17:00,1.0193716871385423
1266,6/7/2021 18:00,1.0193211969592832
1267,6/7/2021 19:00,0.9940884462388525
1268,6/7/2021 20:00,0.9491905580734451
1269,6/7/2021 21:00,1.0197253242938107
1270,6/7/2021 22:00,0.9949687480133458
1271,6/7/2021 23:00,1.0862754931908425
1272,6/8/2021 0:00,1.0847187567249077
1273,6/8/2021 1:00,1.08974260306816
1274,6/8/2021 2:00,1.0708675355020776
1275,6/8/2021 3:00,1.051564170568815
1276,6/8/2021 4:00,1.08878731757359
1277,6/8/2021 5:00,1.09645252295853
1278,6/8/2021 6:00,1.0646561059297035
1279,6/8/2021 7:00,1.0664666181496194
1280,6/8/2021 8:00,1.0333075898375634
1281,6/8/2021 9:00,1.044409271209227
1282,6/8/2021 10:00,1.0284862198544868
1283,6/8/2021 11:00,1.0022828077485657
1284,6/8/2021 12:00,0.984807219800477
1285,6/8/2021 13:00,0.9810097364633905
1286,6/8/2021 14:00,0.9678529889212607
1287,6/8/2021 15:00,0.9673099977318547
1288,6/8/2021 16:00,0.94315699667469
1289,6/8/2021 17:00,1.0106897300148456
1290,6/8/2021 18:00,1.0020231725412798
1291,6/8/2021 19:00,1.0479764614600748
1292,6/8/2021 20:00,1.0027474527041769
1293,6/8/2021 21:00,1.0176263714585303
1294,6/8/2021 22:00,1.0130527609622089
1295,6/8/2021 23:00,1.024389664574481
1296,6/9/2021 0:00,0.9960921270049583
1297,6/9/2021 1:00,0.967035810649713
1298,6/9/2021 2:00,0.9793672220115902
1299,6/9/2021 3:00,0.9850625710782743
1300,6/9/2021 4:00,0.9632718424305226
1301,6/9/2021 5:00,0.9740384249925234
1302,6/9/2021 6:00,0.9832142522215372
1303,6/9/2021 7:00,1.0021530873602167
1304,6/9/2021 8:00,0.9775515099553442
1305,6/9/2021 9:00,0.958433683231269
1306,6/9/2021 10:00,0.928618918746657
1307,6/9/2021 11:00,0.8906549939034705
1308,6/9/2021 12:00,0.8575787169801845
1309,6/9/2021 13:00,0.8395779623711923
1310,6/9/2021 14:00,0.7954941745773693
1311,6/9/2021 15:00,0.7604106422680176
1312,6/9/2021 16:00,0.8113812790741912
1313,6/9/2021 17:00,0.8230419646007827
1314,6/9/2021 18:00,0.7831251711407896
1315,6/9/2021 19:00,0.7923401002005525
1316,6/9/2021 20:00,0.8379154347389293
1317,6/9/2021 21:00,0.8365856272025575
1318,6/9/2021 22:00,0.824474952207283
1319,6/9/2021 23:00,0.8189148500079767
1320,6/10/2021 0:00,0.8641814618950283
1321,6/10/2021 1:00,0.8234974605247407
1322,6/10/2021 2:00,0.790600263466032
1323,6/10/2021 3:00,0.8508907658307627
1324,6/10/2021 4:00,0.8384815060186258
1325,6/10/2021 5:00,0.856082574225672
1326,6/10/2021 6:00,0.8512195733675587
1327,6/10/2021 7:00,0.8050343585554535
1328,6/10/2021 8:00,0.8318983883837456
1329,6/10/2021 9:00,0.8281715809933345
1330,6/10/2021 10:00,0.9011965038472037
1331,6/10/2021 11:00,0.9389007599979172
1332,6/10/2021 12:00,0.9154913142674618
1333,6/10/2021 13:00,0.9391505415968592
1334,6/10/2021 14:00,1.0032513888667953
1335,6/10/2021 15:00,1.0179173808000108
1336,6/10/2021 16:00,0.9631393082687569
1337,6/10/2021 17:00,0.9576124406251217
1338,6/10/2021 18:00,0.9581192338899405
1339,6/10/2021 19:00,1.0015715491004602
1340,6/10/2021 20:00,0.941161781963574
1341,6/10/2021 21:00,0.9694830483345017
1342,6/10/2021 22:00,0.912691446703662
1343,6/10/2021 23:00,0.9058054414503083
1344,6/11/2021 0:00,0.9218439891557006
1345,6/11/2021 1:00,0.9207115914356575
1346,6/11/2021 2:00,0.9129745494327581
1347,6/11/2021 3:00,0.9182525582851705
1348,6/11/2021 4:00,0.8813678621329373
1349,6/11/2021 5:00,0.893890657379129
1350,6/11/2021 6:00,0.87704274139943
1351,6/11/2021 7:00,0.8711804432178183
1352,6/11/2021 8:00,0.8555492010302144
1353,6/11/2021 9:00,0.8488764161422715
1354,6/11/2021 10:00,0.7947749501912048
1355,6/11/2021 11:00,0.8401485442281293
1356,6/11/2021 12:00,0.861049037928705
1357,6/11/2021 13:00,0.8699868665694276
1358,6/11/2021 14:00,0.8785495216349746
1359,6/11/2021 15:00,0.8949476471848901
1360,6/11/2021 16:00,0.8821713049736954
1361,6/11/2021 17:00,0.8698488947759373
1362,6/11/2021 18:00,0.852567720624124
1363,6/11/2021 19:00,0.8265119441809422
1364,6/11/2021 20:00,0.8522819036362154
1365,6/11/2021 21:00,0.8308183477008152
1366,6/11/2021 22:00,0.8724936831083536
1367,6/11/2021 23:00,0.8629834030739199
1368,6/12/2021 0:00,0.8763994670758807
1369,6/12/2021 1:00,0.8346291946821188
1370,6/12/2021 2:00,0.8319035702844858
1371,6/12/2021 3:00,0.8526236765914095
1372,6/12/2021 4:00,0.8513629897584996
1373,6/12/2021 5:00,0.8188646572909082
1374,6/12/2021 6:00,0.8147111035279867
1375,6/12/2021 7:00,0.8080238712260818
1376,6/12/2021 8:00,0.7834244465086919
1377,6/12/2021 9:00,0.6841318833164353
1378,6/12/2021 10:00,0.6282143591284948
1379,6/12/2021 11:00,0.6487992807804702
1380,6/12/2021 12:00,0.6374900234256049
1381,6/12/2021 13:00,0.6343946957181446
1382,6/12/2021 14:00,0.628642067534566
1383,6/12/2021 15:00,0.6331494074530205
1384,6/12/2021 16:00,0.6218963278390403
1385,6/12/2021 17:00,0.6102738276145717
1386,6/12/2021 18:00,0.59568969622376
1387,6/12/2021 19:00,0.6206964406362713
1388,6/12/2021 20:00,0.6526390533796045
1389,6/12/2021 21:00,0.6912167629629526
1390,6/12/2021 22:00,0.7098008498391563
1391,6/12/2021 23:00,0.705165356819135
1392,6/13/2021 0:00,0.707598018579172
1393,6/13/2021 1:00,0.7032779687879025
1394,6/13/2021 2:00,0.7202346531514618
1395,6/13/2021 3:00,0.7246631962194969
1396,6/13/2021 4:00,0.718929303293281
1397,6/13/2021 5:00,0.7393245469880843
1398,6/13/2021 6:00,0.74408359427154
1399,6/13/2021 7:00,0.7216364134161402
1400,6/13/2021 8:00,0.6928550669602187
1401,6/13/2021 9:00,0.6875400641135827
1402,6/13/2021 10:00,0.6683773805380182
1403,6/13/2021 11:00,0.6704884783092665
1404,6/13/2021 12:00,0.6597854296070947
1405,6/13/2021 13:00,0.6817963723638062
1406,6/13/2021 14:00,0.6817126637792981
1407,6/13/2021 15:00,0.6807648073364385
1408,6/13/2021 16:00,0.7178201060820897
1409,6/13/2021 17:00,0.696528132049677
1410,6/13/2021 18:00,0.6367480456927518
1411,6/13/2021 19:00,0.6791385551880597
1412,6/13/2021 20:00,0.6752745060430452
1413,6/13/2021 21:00,0.673345105219832
1414,6/13/2021 22:00,0.6585940581542025
1415,6/13/2021 23:00,0.7190480499309135
1416,6/14/2021 0:00,0.7372412515444582
1417,6/14/2021 1:00,0.7562051299346413
1418,6/14/2021 2:00,0.7663717220717104
1419,6/14/2021 3:00,0.7576775555264282
1420,6/14/2021 4:00,0.7572893420988017
1421,6/14/2021 5:00,0.759267891862888
1422,6/14/2021 6:00,0.740138507178165
1423,6/14/2021 7:00,0.7667385140116183
1424,6/14/2021 8:00,0.7196759602335442
1425,6/14/2021 9:00,0.6950974647802678
1426,6/14/2021 10:00,0.6820410129257005
1427,6/14/2021 11:00,0.647890649023845
1428,6/14/2021 12:00,0.6408645656431106
1429,6/14/2021 13:00,0.6459111096522709
1430,6/14/2021 14:00,0.6353680219799874
1431,6/14/2021 15:00,0.6162232694024115
1432,6/14/2021 16:00,0.6336857156547391
1433,6/14/2021 17:00,0.6441650828518508
1434,6/14/2021 18:00,0.6269830926746058
1435,6/14/2021 19:00,0.6191498698314405
1436,6/14/2021 20:00,0.6558911093462187
1437,6/14/2021 21:00,0.6822925907930613
1438,6/14/2021 22:00,0.7053215889400324
1439,6/14/2021 23:00,0.6991625374288485
1440,6/15/2021 0:00,0.6924229176045897
1441,6/15/2021 1:00,0.7043331637104612
1442,6/15/2021 2:00,0.6808351435450855
1443,6/15/2021 3:00,0.6980525291521638
1444,6/15/2021 4:00,0.7170290304809245
1445,6/15/2021 5:00,0.7092733525213988
1446,6/15/2021 6:00,0.7171208240716277
1447,6/15/2021 7:00,0.693907904506474
1448,6/15/2021 8:00,0.623921517289773
1449,6/15/2021 9:00,0.6074355181458643
1450,6/15/2021 10:00,0.557560427737857
1451,6/15/2021 11:00,0.5100614519033693
1452,6/15/2021 12:00,0.5212892737177228
1453,6/15/2021 13:00,0.5340917201322928
1454,6/15/2021 14:00,0.5501603377156152
1455,6/15/2021 15:00,0.5917159368696929
1456,6/15/2021 16:00,0.6072689879765337
1457,6/15/2021 17:00,0.6214260984949532
1458,6/15/2021 18:00,0.5995422590832027
1459,6/15/2021 19:00,0.624093178137134
1460,6/15/2021 20:00,0.5931915814153033
1461,6/15/2021 21:00,0.5804053017540486
1462,6/15/2021 22:00,0.5611225861261775
1463,6/15/2021 23:00,0.557387277116273
1464,6/16/2021 0:00,0.567556149012915
1465,6/16/2021 1:00,0.5292220532078827
1466,6/16/2021 2:00,0.520570539259303
1467,6/16/2021 3:00,0.5102405974206602
1468,6/16/2021 4:00,0.5165312272663898
1469,6/16/2021 5:00,0.5089824195680462
1470,6/16/2021 6:00,0.510960850981528
1471,6/16/2021 7:00,0.4943252519631138
1472,6/16/2021 8:00,0.49039091462159573
1473,6/16/2021 9:00,0.47644125658436176
1474,6/16/2021 10:00,0.4519886569675927
1475,6/16/2021 11:00,0.4557967706203712
1476,6/16/2021 12:00,0.44510366857274375
1477,6/16/2021 13:00,0.429252766643623
1478,6/16/2021 14:00,0.42102344668331176
1479,6/16/2021 15:00,0.41988653177947477
1480,6/16/2021 16:00,0.41550746080981754
1481,6/16/2021 17:00,0.43181038943157374
1482,6/16/2021 18:00,0.42803169086917925
1483,6/16/2021 19:00,0.43681240017451023
1484,6/16/2021 20:00,0.45970074310218273
1485,6/16/2021 21:00,0.4795582063141275
1486,6/16/2021 22:00,0.49431350402115853
1487,6/16/2021 23:00,0.4958001750203785
1488,6/17/2021 0:00,0.513605008442983
1489,6/17/2021 1:00,0.5330692656405798
1490,6/17/2021 2:00,0.5478247822122152
1491,6/17/2021 3:00,0.5308282001546835
1492,6/17/2021 4:00,0.5449974135739007
1493,6/17/2021 5:00,0.536837360496743
1494,6/17/2021 6:00,0.5291283555174713
1495,6/17/2021 7:00,0.5119601544879332
1496,6/17/2021 8:00,0.49764746682059857
1497,6/17/2021 9:00,0.4707191126252642
1498,6/17/2021 10:00,0.45810992013115326
1499,6/17/2021 11:00,0.46363238058551026
1500,6/17/2021 12:00,0.44951054383884026
1501,6/17/2021 13:00,0.4603214900983955
1502,6/17/2021 14:00,0.48443246365487175
1503,6/17/2021 15:00,0.4960559213183885
1504,6/17/2021 16:00,0.48751997812528425
1505,6/17/2021 17:00,0.4758559352217037
1506,6/17/2021 18:00,0.48246146277866603
1507,6/17/2021 19:00,0.46710681558539
1508,6/17/2021 20:00,0.48695644690321377
1509,6/17/2021 21:00,0.49789154439764627
1510,6/17/2021 22:00,0.5006017266460407
1511,6/17/2021 23:00,0.5148690408200616
1512,6/18/2021 0:00,0.5111640008723828
1513,6/18/2021 1:00,0.5205157431417782
1514,6/18/2021 2:00,0.5166584751448074
1515,6/18/2021 3:00,0.5187253059928495
1516,6/18/2021 4:00,0.5136620004991832
1517,6/18/2021 5:00,0.5013673598150344
1518,6/18/2021 6:00,0.514720318237561
1519,6/18/2021 7:00,0.5056595991151139
1520,6/18/2021 8:00,0.48380902720444874
1521,6/18/2021 9:00,0.464489725225402
1522,6/18/2021 10:00,0.458864712495765
1523,6/18/2021 11:00,0.44079898253714755
1524,6/18/2021 12:00,0.43425413166029797
1525,6/18/2021 13:00,0.4453713952496787
1526,6/18/2021 14:00,0.4353013987082842
1527,6/18/2021 15:00,0.45844197351434324
1528,6/18/2021 16:00,0.4485389255580755
1529,6/18/2021 17:00,0.45877718010041474
1530,6/18/2021 18:00,0.48813233625749025
1531,6/18/2021 19:00,0.47918461245214905
1532,6/18/2021 20:00,0.475062657774602
1533,6/18/2021 21:00,0.48689090093796106
1534,6/18/2021 22:00,0.5002471095911878
1535,6/18/2021 23:00,0.5264674990701694
1536,6/19/2021 0:00,0.5070009721774773
1537,6/19/2021 1:00,0.5269910882994052
1538,6/19/2021 2:00,0.543295413885683
1539,6/19/2021 3:00,0.5426642734802558
1540,6/19/2021 4:00,0.5394455614832036
1541,6/19/2021 5:00,0.5056639783770951
1542,6/19/2021 6:00,0.5111504679665625
1543,6/19/2021 7:00,0.5331327889014792
1544,6/19/2021 8:00,0.4986347464228423
1545,6/19/2021 9:00,0.49188615548513825
1546,6/19/2021 10:00,0.4799795695449145
1547,6/19/2021 11:00,0.47444977648563674
1548,6/19/2021 12:00,0.4690676926628208
1549,6/19/2021 13:00,0.466019966954338
1550,6/19/2021 14:00,0.46062589930426423
1551,6/19/2021 15:00,0.4571465684539693
1552,6/19/2021 16:00,0.4438849195901693
1553,6/19/2021 17:00,0.44737448328672347
1554,6/19/2021 18:00,0.4613010747351335
1555,6/19/2021 19:00,0.4701497772439623
1556,6/19/2021 20:00,0.450518480437786
1557,6/19/2021 21:00,0.4643731402118705
1558,6/19/2021 22:00,0.45882308022315854
1559,6/19/2021 23:00,0.46869802896844304
1560,6/20/2021 0:00,0.48773746753154146
1561,6/20/2021 1:00,0.4750812743293115
1562,6/20/2021 2:00,0.47055726180870555
1563,6/20/2021 3:00,0.48884001131108
1564,6/20/2021 4:00,0.5058378263558945
1565,6/20/2021 5:00,0.5001056255549801
1566,6/20/2021 6:00,0.49663625055465555
1567,6/20/2021 7:00,0.5044629472370434
1568,6/20/2021 8:00,0.4249751400501082
1569,6/20/2021 9:00,0.3484023175854183
1570,6/20/2021 10:00,0.3210692719342485
1571,6/20/2021 11:00,0.32845288846980447
1572,6/20/2021 12:00,0.34829122013061653
1573,6/20/2021 13:00,0.33862632018046324
1574,6/20/2021 14:00,0.325255757846623
1575,6/20/2021 15:00,0.3246818031962935
1576,6/20/2021 16:00,0.3413468093329882
1577,6/20/2021 17:00,0.3241678857825618
1578,6/20/2021 18:00,0.32933928641953375
1579,6/20/2021 19:00,0.339266118201054
1580,6/20/2021 20:00,0.35737700616351525
1581,6/20/2021 21:00,0.39026563261773894
1582,6/20/2021 22:00,0.391314362769107
1583,6/20/2021 23:00,0.3870989073252318
